upc (ean),price,OriginalPrice,availability,sku,title
0193553049173,25.5,85,2,1133432,Columbia Rain Scape Jacket - Boys' Black Foil L
0193553049227,25.5,85,1,1133433,Columbia Rain Scape Jacket - Boys' Black Foil XXS
0193553049197,25.5,85,3,1133435,Columbia Rain Scape Jacket - Boys' Black Foil S
0193553049180,25.5,85,0,1133436,Columbia Rain Scape Jacket - Boys' Black Foil M
0193553156741,25.5,85,3,1133462,Columbia Rain Scape Jacket - Girls' New Mint XS
0193553156727,25.5,85,2,1133463,Columbia Rain Scape Jacket - Girls' New Mint S
0193553156710,25.5,85,1,1133466,Columbia Rain Scape Jacket - Girls' New Mint M
0193553156703,25.5,85,2,1133467,Columbia Rain Scape Jacket - Girls' New Mint L
0193553156659,25.5,85,3,1133468,Columbia Rain Scape Jacket - Girls' Nocturnal M
0193553156642,25.5,85,1,1133469,Columbia Rain Scape Jacket - Girls' Nocturnal L
0193553156697,25.5,85,2,1133470,Columbia Rain Scape Jacket - Girls' Nocturnal XXS
0193553156680,25.5,85,4,1133471,Columbia Rain Scape Jacket - Girls' Nocturnal XS
0196013401917,28,40,1,1134679,The North Face Glacier Full-Zip Hoodie - Kids' Acoustic Blue 4T
0196013401818,28,40,3,1134681,The North Face Glacier Full-Zip Hoodie - Kids' Acoustic Blue 3T
0196013402310,28,40,4,1134682,The North Face Glacier Full-Zip Hoodie - Kids' Acoustic Blue 6T
0196249469880,28,40,2,1134683,The North Face Glacier Full-Zip Hoodie - Kids' Acoustic Blue 7T
0196013403539,19.99,40,1,1182081,The North Face Glacier Full-Zip Hoodie - Kids' Patina Green 6T
0193553130796,28.5,95,14,1133450,Columbia Evolution Valley Jacket - Youth Azul M
0193553130833,28.5,95,4,1133451,Columbia Evolution Valley Jacket - Youth Azul XXS
0193553130819,28.5,95,5,1133452,Columbia Evolution Valley Jacket - Youth Azul XL
0193553130826,28.5,95,8,1133453,Columbia Evolution Valley Jacket - Youth Azul XS
0193553130802,28.5,95,5,1133454,Columbia Evolution Valley Jacket - Youth Azul S
0193553130789,28.5,95,5,1133455,Columbia Evolution Valley Jacket - Youth Azul L
0193553130529,28.5,95,8,1133456,Columbia Evolution Valley Jacket - Youth Light Lichen XS
0193553130482,28.5,95,4,1133457,Columbia Evolution Valley Jacket - Youth Light Lichen L
0193553130536,28.5,95,4,1133458,Columbia Evolution Valley Jacket - Youth Light Lichen XXS
0193553130505,28.5,95,6,1133459,Columbia Evolution Valley Jacket - Youth Light Lichen S
0193553130512,28.5,95,5,1133460,Columbia Evolution Valley Jacket - Youth Light Lichen XL
0190893397124,18,60,1,1127037,Columbia Pixel Grabber II Jacket - Youth Cypress Campin L
0190893397148,18,60,1,1127039,Columbia Pixel Grabber II Jacket - Youth Cypress Campin S
0190893397599,18,60,1,1127043,Columbia Pixel Grabber II Jacket - Youth Punch Pink Print M
0193553008859,19.5,65,1,1133170,Columbia Dalby Springs Jacket - Youth Carnelian Red \u002F Shark L
0191454924513,27,90,2,1129463,Columbia  Magic Mile Jacket - Girls' Nocturnal Micro Geo Print 4T
0194895536246,31.5,105,1,1246515,Columbia Horizon Ride II Jacket - Toddler Shark \u002F Dark Coral \u002F White 2T
0194895536468,31.5,105,1,1246516,Columbia Horizon Ride II Jacket - Toddler Geyser Snowdaze 2T
0194895536383,31.5,105,1,1246518,Columbia Horizon Ride II Jacket - Toddler Wild Fuchsia Scraptanical 3T
0194895536321,31.5,105,2,1246519,Columbia Horizon Ride II Jacket - Toddler Black Paperflakes 4T
0194895536444,31.5,105,6,1246520,Columbia Horizon Ride II Jacket - Toddler Geyser Snowdaze 4T
0194895536406,31.5,105,5,1246521,Columbia Horizon Ride II Jacket - Toddler Wild Fuchsia Scraptanical 4T
0194895536451,31.5,105,6,1248022,Columbia Horizon Ride II Jacket - Toddler Geyser Snowdaze 3T
0194895536345,31.5,105,2,1257065,Columbia Horizon Ride II Jacket - Toddler Black Paperflakes 3T
0194895536338,31.5,105,2,1266393,Columbia Horizon Ride II Jacket - Toddler Black Paperflakes 2T
0194895536314,31.5,105,1,1266395,Columbia Horizon Ride II Jacket - Toddler Serenity Paperflakes \u002F Nocturnal 3T
0194895536307,31.5,105,1,1266396,Columbia Horizon Ride II Jacket - Toddler Serenity Paperflakes \u002F Nocturnal 4T
0194895309895,29.7,99,0,1246494,Columbia Mighty Mogul II Omni-Heat Infinity Insulated Jacket - Youth Nocturnal Aurelian S
0194895309857,29.7,99,2,1246496,Columbia Mighty Mogul II Omni-Heat Infinity Insulated Jacket - Youth Nocturnal Aurelian XL
0888458665374,56.25,75,1,1127644,Columbia Watertight Waterproof Walking Jacket - Boys' Black XS
0888458665398,56.25,75,7,1127645,Columbia Watertight Waterproof Walking Jacket - Boys' Black M
0888458665404,56.25,75,6,1127646,Columbia Watertight Waterproof Walking Jacket - Boys' Black L
0888458665381,56.25,75,2,1127647,Columbia Watertight Waterproof Walking Jacket - Boys' Black S
0888458665411,56.25,75,2,1127648,Columbia Watertight Waterproof Walking Jacket - Boys' Black XL
0193855474109,56.25,75,1,1127649,Columbia Watertight Waterproof Walking Jacket - Boys' Bright Indigo M
0193855474154,56.25,75,1,1127650,Columbia Watertight Waterproof Walking Jacket - Boys' Bright Indigo L
0193855474116,56.25,75,2,1127651,Columbia Watertight Waterproof Walking Jacket - Boys' Bright Indigo S
0193553164371,56.25,75,1,1127657,Columbia Watertight Waterproof Walking Jacket - Boys' Mountain Red L
0194894573266,22.5,75,0,1279983,Columbia Watertight Waterproof Walking Jacket - Boys' Red Quartz S
0194895182801,31.5,105,3,1132506,Columbia Rugged Ridge Sherpa Lined Jacket - Boys' Warm Copper M
0194895182788,31.5,105,0,1132507,Columbia Rugged Ridge Sherpa Lined Jacket - Boys' Warm Copper S
0194895182832,73.5,105,1,1132508,Columbia Rugged Ridge Sherpa Lined Jacket - Boys' Warm Copper XL
0194895182795,31.5,105,5,1132509,Columbia Rugged Ridge Sherpa Lined Jacket - Boys' Warm Copper XS
0194895182825,31.5,105,7,1132510,Columbia Rugged Ridge Sherpa Lined Jacket - Boys' Warm Copper XXS
0194895182818,31.5,105,2,1132511,Columbia Rugged Ridge Sherpa Lined Jacket - Boys' Warm Copper L
0192660007281,31.5,105,0,1132516,Columbia Rugged Ridge Sherpa Lined Jacket - Boys' Black M
0192660007304,31.5,105,0,1132517,Columbia Rugged Ridge Sherpa Lined Jacket - Boys' Black XL
0193855687707,31.5,105,0,1132518,Columbia Rugged Ridge Sherpa Lined Jacket - Boys' Bright Indigo S
0193855687714,31.5,105,0,1132519,Columbia Rugged Ridge Sherpa Lined Jacket - Boys' Bright Indigo L
0193855687684,31.5,105,1,1132520,Columbia Rugged Ridge Sherpa Lined Jacket - Boys' Bright Indigo XXS
0193855687721,31.5,105,0,1132521,Columbia Rugged Ridge Sherpa Lined Jacket - Boys' Bright Indigo M
0192660007250,31.5,105,0,1132524,Columbia Rugged Ridge Sherpa Lined Jacket - Boys' Collegiate Navy XS
0192660007243,73.5,105,1,1132527,Columbia Rugged Ridge Sherpa Lined Jacket - Boys' Collegiate Navy XL
0194895402541,36,120,0,1139862,Columbia Powder Lite Novelty Hooded Jacket - Boys' Warm Copper XS
0194895719373,31.5,105,1,1128482,Columbia Bella Plush Jacket - Girls' Black S
0194895719519,31.5,105,1,1128484,Columbia Bella Plush Jacket - Girls' Black XXS
0194895719557,31.5,105,0,1128489,Columbia Bella Plush Jacket - Girls' Marionberry XS
0194895719335,31.5,105,1,1128495,Columbia Bella Plush Jacket - Girls' Paisley Purple L
0194895719342,31.5,105,1,1128496,Columbia Bella Plush Jacket - Girls' Paisley Purple XS
0193855313750,39,130,0,1130450,Columbia Pike Lake Jacket - Youth Black S
0193855313576,39,130,0,1130451,Columbia Pike Lake Jacket - Youth Bright Indigo \u002F Collegiate Navy S
0193855313620,39,130,0,1130452,Columbia Pike Lake Jacket - Youth Bright Indigo \u002F Collegiate Navy M
0193855313965,39,130,0,1130464,Columbia Pike Lake Jacket - Youth Pink Orchid \u002F Bright Geranium XXS
0193855313934,39,130,4,1130466,Columbia Pike Lake Jacket - Youth Pink Orchid \u002F Bright Geranium M
0194895340928,33,110,1,1134151,Columbia Arctic Blast Jacket - Toddler Elderberry 3T
0193855618602,33,110,5,1134160,Columbia Arctic Blast Jacket - Toddler Mountain Red 2T
0193855618596,33,110,1,1134162,Columbia Arctic Blast Jacket - Toddler Mountain Red 3T
0194895340911,33,110,2,1246465,Columbia Arctic Blast Jacket - Toddler Shark \u002F City Grey 2T
0194895340904,33,110,5,1246466,Columbia Arctic Blast Jacket - Toddler Shark \u002F City Grey 4T
0194895340737,33,110,4,1246467,Columbia Arctic Blast Jacket - Toddler Collegiate Navy \u002F Bright Indigo 3T
0194895340720,33,110,6,1246468,Columbia Arctic Blast Jacket - Toddler Collegiate Navy \u002F Bright Indigo 4T
0194895340898,33,110,4,1247942,Columbia Arctic Blast Jacket - Toddler Shark \u002F City Grey 3T
0193553153986,18,60,0,1133500,Columbia Rocky Range Softshell - Boys' Black L
0193553154013,18,60,1,1133501,Columbia Rocky Range Softshell - Boys' Black XL
0193855288119,31.5,105,1,1127438,Columbia Katelyn Crest Jacket - Girls' Pale Lilac 4T
0194894545720,18,60,1,1138932,Columbia Glennaker Springs Jacket - Youth Nocturnal Flutter By \u002F Nocturnal M
0194894545706,18,60,3,1138933,Columbia Glennaker Springs Jacket - Youth Nocturnal Flutter By \u002F Nocturnal XXS
0194895645238,33,110,3,1139818,Columbia Lightning Lift II Jacket - Boys' City Grey White XXS
0194895643784,77,110,1,1139829,Columbia Lightning Lift II Jacket - Boys' Bright Indigo XS
0194895628286,33,110,2,1097612,Columbia Horizon Ride II Jacket - Girls' Shark \u002F Dark Coral M
0194895628323,33,110,2,1097613,Columbia Horizon Ride II Jacket - Girls' Shark \u002F Dark Coral L
0194895628330,33,110,0,1097614,Columbia Horizon Ride II Jacket - Girls' Shark \u002F Dark Coral XL
0194895628545,33,110,3,1097619,Columbia Horizon Ride II Jacket - Girls' Nocturnal L
0194895628668,33,110,9,1139844,Columbia Horizon Ride II Jacket - Girls' Black Snowdaze S
0194895628644,33,110,4,1139845,Columbia Horizon Ride II Jacket - Girls' Black Snowdaze L
0194895628675,33,110,3,1139846,Columbia Horizon Ride II Jacket - Girls' Black Snowdaze XL
0194895628651,33,110,7,1139847,Columbia Horizon Ride II Jacket - Girls' Black Snowdaze M
0194895628682,33,110,3,1139848,Columbia Horizon Ride II Jacket - Girls' Black Snowdaze XS
0194895628453,33,110,0,1139849,Columbia Horizon Ride II Jacket - Girls' Serenity Paper Flake XS
0194895628217,33,110,1,1139855,Columbia Horizon Ride II Jacket - Girls' Paisly Purple L
0194895628699,33,110,4,1246514,Columbia Horizon Ride II Jacket - Girls' 012BLKSNOWDAZE 2XS
0194895628583,33,110,1,1246777,Columbia Horizon Ride II Jacket - Girls' 665ILDFUCHSIA 2XS
0194895628613,33,110,1,1246780,Columbia Horizon Ride II Jacket - Girls' 665ILDFUCHSIA L
0194894393741,12,40,0,1127871,Columbia Zing III Fleece Jacket - Boys' Dark Mountain Wanderlandia 3T
0194895296300,31.5,105,1,1139838,Columbia Lightning Lift II Jacket - Boys' Black \u002F Ancient Fossil Scrapscape 3T
0194895296324,31.5,105,1,1139839,Columbia Lightning Lift II Jacket - Boys' Black \u002F Ancient Fossil Scrapscape 2T
0194895296225,31.5,105,1,1139841,Columbia Lightning Lift II Jacket - Boys' Bright Indigo \u002F Kaleidoscope 3T
0194895296218,31.5,105,1,1139842,Columbia Lightning Lift II Jacket - Boys' Bright Indigo \u002F Kaleidoscope 4T
0193855388673,28.5,95,1,1140375,Columbia Lightning Lift Insulated Jacket - Boys' Black \u002F City Grey XXS
0193855388666,28.5,95,0,1140377,Columbia Lightning Lift Insulated Jacket - Boys' Black \u002F City Grey S
0193855388642,28.5,95,0,1140379,Columbia Lightning Lift Insulated Jacket - Boys' Black \u002F City Grey M
0193855386938,28.5,95,0,1140385,Columbia Lightning Lift Insulated Jacket - Boys' Shark Brushed Camo Print S
0194895599197,39,130,2,1137710,Columbia Suttle Mountain Long Insulated Jacket - Girls' Marionberry L
0194004378279,39,130,1,1137712,Columbia Suttle Mountain Long Insulated Jacket - Girls' Black S
0194004378064,39,130,2,1137716,Columbia Suttle Mountain Long Insulated Jacket - Girls' City Grey L
0194004378088,39,130,0,1137717,Columbia Suttle Mountain Long Insulated Jacket - Girls' City Grey XL
0194004378040,39,130,1,1137718,Columbia Suttle Mountain Long Insulated Jacket - Girls' City Grey S
0196013435110,46.99,109,2,1182129,The North Face Reversible Mossbud Jacket - Girls' Fuschia Pink L
0196013435196,54.99,109,2,1182130,The North Face Reversible Mossbud Jacket - Girls' Fuschia Pink XL
0196013435431,54.99,109,2,1182136,The North Face Reversible Mossbud Jacket - Girls' Wasabi L
0196013435622,46.99,109,5,1182139,The North Face Reversible Mossbud Jacket - Girls' Black M
0196013435684,46.99,109,3,1182140,The North Face Reversible Mossbud Jacket - Girls' Black L
0196013435523,76,109,1,1182142,The North Face Reversible Mossbud Jacket - Girls' Black S
0196013425432,21.99,44.99,1,1245759,The North Face Glacier Half Zip Pullover - Youth Lapis Blue M
0196013425470,21.99,44.99,1,1245760,The North Face Glacier Half Zip Pullover - Youth Lapis Blue XL
0196013425418,21.99,44.99,1,1246413,The North Face Glacier Half Zip Pullover - Youth Lapis Blue S
0193553009542,18,60,1,1133510,Columbia Rocky Range Softshell - Girls' Aquatint L
0193553009597,18,60,0,1133511,Columbia Rocky Range Softshell - Girls' Aquatint XXS
0193553009504,18,60,1,1133514,Columbia Rocky Range Softshell - Girls' Cirrus Grey S
0194895537434,19.5,65,2,1130374,Columbia Fire Side Sherpa Jacket - Girls' Marionberry XL
0194895537427,19.5,65,1,1130375,Columbia Fire Side Sherpa Jacket - Girls' Marionberry L
0193855607286,19.5,65,2,1130379,Columbia Fire Side Sherpa Jacket - Girls' Ancient Fossil L
0193855607408,48.75,65,9,1130382,Columbia Fire Side Sherpa Jacket - Girls' Columbia Grey M
0193855607392,48.75,65,8,1130383,Columbia Fire Side Sherpa Jacket - Girls' Columbia Grey L
0193855607385,48.75,65,2,1130385,Columbia Fire Side Sherpa Jacket - Girls' Columbia Grey XS
0193855605350,48.75,65,12,1130388,Columbia Fire Side Sherpa Jacket - Girls' Pink Orchid S
0193855605336,48.75,65,3,1130389,Columbia Fire Side Sherpa Jacket - Girls' Pink Orchid XXS
0193855605312,48.75,65,7,1130390,Columbia Fire Side Sherpa Jacket - Girls' Pink Orchid XS
0193855605343,48.75,65,11,1130391,Columbia Fire Side Sherpa Jacket - Girls' Pink Orchid M
0196013425630,22.99,45,2,1159140,The North Face Glacier Half Zip Pullover Jacket - Youth Lavender Fog L
0196013425593,22.99,45,0,1159141,The North Face Glacier Half Zip Pullover Jacket - Youth Lavender Fog M
0196013425548,22.99,45,0,1159142,The North Face Glacier Half Zip Pullover Jacket - Youth Lavender Fog S
0196013425661,22.99,45,1,1159143,The North Face Glacier Half Zip Pullover Jacket - Youth Lavender Fog XL
0196013425579,22.99,45,1,1159145,The North Face Glacier Half Zip Pullover Jacket - Youth Fuschia Pink XL
0196013425678,22.99,45,1,1159146,The North Face Glacier Half Zip Pullover Jacket - Youth Fuschia Pink S
0196013443252,57.99,115,1,1182287,The North Face Mount Chimbo Water Repellent Reversible Hooded Jacket - Boys' Red XS
0196013443351,57.99,115,1,1182288,The North Face Mount Chimbo Water Repellent Reversible Hooded Jacket - Boys' Red S
0196013443450,57.99,115,1,1182289,The North Face Mount Chimbo Water Repellent Reversible Hooded Jacket - Boys' Red M
0196013443559,57.99,115,2,1182290,The North Face Mount Chimbo Water Repellent Reversible Hooded Jacket - Boys' Red L
0196013443641,57.99,115,1,1182291,The North Face Mount Chimbo Water Repellent Reversible Hooded Jacket - Boys' Red XL
0196013443849,48.99,115,0,1182292,The North Face Mount Chimbo Water Repellent Reversible Hooded Jacket - Boys' Medium Grey Heather S
0196013444143,57.99,115,0,1182294,The North Face Mount Chimbo Water Repellent Reversible Hooded Jacket - Boys' Medium Grey Heather XL
0196013443740,48.99,115,1,1182295,The North Face Mount Chimbo Water Repellent Reversible Hooded Jacket - Boys' Medium Grey Heather XS
0196013443832,48.99,115,0,1182298,The North Face Mount Chimbo Water Repellent Reversible Hooded Jacket - Boys' Acoustic Blue S
0196013443931,48.99,115,0,1182299,The North Face Mount Chimbo Water Repellent Reversible Hooded Jacket - Boys' Acoustic Blue M
0196013444037,48.99,115,0,1182300,The North Face Mount Chimbo Water Repellent Reversible Hooded Jacket - Boys' Acoustic Blue L
0194004593672,60,200,1,1137807,Columbia Pike Lake Cropped Jacket - Women's Black XL
0194004593641,60,200,2,1137809,Columbia Pike Lake Cropped Jacket - Women's Black XXL
0194004593665,60,200,0,1137810,Columbia Pike Lake Cropped Jacket - Women's Black L
0194004593993,54,180,2,1137811,Columbia Pike Lake Cropped Jacket - Women's Black \u002F Chalk \u002F Beach XL
0194004593917,54,180,2,1137814,Columbia Pike Lake Cropped Jacket - Women's Bold Orange \u002F Chalk \u002F Nocturnal XS
0194004593870,54,180,1,1137815,Columbia Pike Lake Cropped Jacket - Women's Bold Orange \u002F Chalk \u002F Nocturnal M
0194004593894,126,180,1,1137816,Columbia Pike Lake Cropped Jacket - Women's Bold Orange \u002F Chalk \u002F Nocturnal L
0194004593863,54,180,2,1137817,Columbia Pike Lake Cropped Jacket - Women's Bold Orange \u002F Chalk \u002F Nocturnal S
0194895461227,69,230,3,1137822,Columbia Pike Lake Cropped Jacket - Women's Black 1X
0194895461203,69,230,4,1137823,Columbia Pike Lake Cropped Jacket - Women's Black 2X
0194895461210,69,230,2,1137824,Columbia Pike Lake Cropped Jacket - Women's Black 3X
0194895461340,69,230,1,1137825,Columbia Pike Lake Cropped Jacket - Women's Stone Green \u002F Black 1X
0194895461333,69,230,2,1137826,Columbia Pike Lake Cropped Jacket - Women's Stone Green \u002F Black 3X
0194895461326,69,230,2,1137827,Columbia Pike Lake Cropped Jacket - Women's Stone Green \u002F Black 2X
0194895545644,60,200,1,1266245,Columbia Pike Lake Cropped Jacket - Women's Stone Green \u002F Black S
0194895545651,60,200,3,1266276,Columbia Pike Lake Cropped Jacket - Women's Stone Green \u002F Black L
194905271815,19.99,40,3,951913,The North Face Aphrodite Capri 3.0 - Girls' Vanadis Grey XS
194905271983,19.99,40,3,951914,The North Face Aphrodite Capri 3.0 - Girls' Vanadis Grey S
194905270993,19.99,40,2,951915,The North Face Aphrodite Capri 3.0 - Girls' Vanadis Grey M
194905271228,19.99,40,4,951916,The North Face Aphrodite Capri 3.0 - Girls' Vanadis Grey L
194905270337,19.99,40,2,951919,The North Face Aphrodite Capri 3.0 - Girls' TNF Black XS
194905270504,19.99,40,6,951920,The North Face Aphrodite Capri 3.0 - Girls' TNF Black S
194905270665,19.99,40,5,951921,The North Face Aphrodite Capri 3.0 - Girls' TNF Black M
0196013427870,118,169,1,1097656,The North Face Freedom Triclimate Jacket Asphalt Grey S
0194894400982,15,50,1,1127683,Columbia Rain-Zilla Jacket - Girl's Red Hibiscus \u002F Coral Reef XXS
0194894401118,15,50,1,1127689,Columbia Rain-Zilla Jacket - Girl's Sea Wave \u002F Icy Morn XXS
0195978370115,45.5,65,2,1288338,Columbia Rain-Zilla Jacket - Girl's Vista Blue  XS
0195978370108,45.5,65,1,1288339,Columbia Rain-Zilla Jacket - Girl's Vista Blue  S
0195978370122,45.5,65,1,1288340,Columbia Rain-Zilla Jacket - Girl's Vista Blue  M
0195978370092,45.5,65,1,1290844,Columbia Rain-Zilla Jacket - Girl's Vista Blue XXS
0195978370146,45.5,65,0,1290845,Columbia Rain-Zilla Jacket - Girl's Vista Blue L
0195978370269,45.5,65,1,1290846,Columbia Rain-Zilla Jacket - Girl's Paisley Purple XXS
0195978370238,45.5,65,2,1290847,Columbia Rain-Zilla Jacket - Girl's Paisley Purple XS
0195978370221,45.5,65,0,1290848,Columbia Rain-Zilla Jacket - Girl's Paisley Purple S
0196013420000,104,149,3,1182154,The North Face Thermoball Hooded Jacket - Girls' Wasabi L
0196013419790,104,149,1,1182156,The North Face Thermoball Hooded Jacket - Girls' Wasabi S
0196013419905,104,149,1,1182157,The North Face Thermoball Hooded Jacket - Girls' Wasabi M
0196013420109,104,149,3,1182158,The North Face Thermoball Hooded Jacket - Girls' Wasabi XL
0196013420345,104,149,4,1182159,The North Face Thermoball Hooded Jacket - Girls' Black S
0196013420543,104,149,2,1182160,The North Face Thermoball Hooded Jacket - Girls' Black L
0196013409142,83,119,1,1155273,The North Face Freedom Insulated Jacket - Toddler Grey Winter 4T
0196013409227,83,119,0,1155274,The North Face Freedom Insulated Jacket - Toddler Grey Winter 5T
0196249469552,83,119,2,1155275,The North Face Freedom Insulated Jacket - Toddler Grey Winter 7T
0196013409302,83,119,1,1155276,The North Face Freedom Insulated Jacket - Toddler Grey Winter 6T
0196013409104,83,118.99,2,1245387,The North Face Freedom Insulated Jacket - Toddler Peak Purple Terrain Multi Print 4T
0196013409722,83,118.99,1,1245388,The North Face Freedom Insulated Jacket - Toddler Acoustic Blue Triangle Camo Print 4T
0196013409845,83,118.99,2,1245397,The North Face Freedom Insulated Jacket - Toddler Acoustic Blue Triangle Camo Print 5T
0196249469538,83,118.99,0,1245398,The North Face Freedom Insulated Jacket - Toddler Peak Purple Terrain Multi Print 7T
0196013409265,83.29,118.99,1,1245968,The North Face Freedom Insulated Jacket - Toddler Peak Purple Terrain Multi Print 6T
195437286094,53.99,108.95,1,921693,The North Face Reversible Mossbud Swirl Jacket - Girls' Peach Pink XXS
0196013429744,62,89,0,1082983,The North Face Reversible Perrito Hooded Jacket - Kids' Cameo Pink 2T
0196013429782,62,89,1,1082984,The North Face Reversible Perrito Hooded Jacket - Kids' Cameo Pink 3T
0196013429829,62,89,1,1082985,The North Face Reversible Perrito Hooded Jacket - Kids' Cameo Pink 4T
0196013429898,62,89,0,1082986,The North Face Reversible Perrito Hooded Jacket - Kids' Cameo Pink 5T
0196013429973,62,89,1,1082987,The North Face Reversible Perrito Hooded Jacket - Kids' Cameo Pink 6T
0196013429775,62,89,1,1082995,The North Face Reversible Perrito Hooded Jacket - Kids' Shady Blue 4T
0196013418304,104,149,1,1083045,The North Face Thermoball Hooded Jacket - Boys' TNF Red S
0196013418380,104,149,1,1083046,The North Face Thermoball Hooded Jacket - Boys' TNF Red M
0196013418465,104,149,1,1083047,The North Face Thermoball Hooded Jacket - Boys' TNF Red L
0196013418397,104,149,2,1182150,The North Face Thermoball Hooded Jacket - Boys' Asphalt Grey M
0196249445068,76,109,1,1155291,The North Face Freedom Insulated Waterproof Snow Bib - Toddler Toasted Brown 7T
0196249445051,76,109,1,1155293,The North Face Freedom Insulated Waterproof Snow Bib - Toddler Fuschia Pink 7T
0196013411954,76,109,0,1155294,The North Face Freedom Insulated Waterproof Snow Bib - Toddler Fuschia Pink 4T
0196013411985,76,109,1,1155296,The North Face Freedom Insulated Waterproof Snow Bib - Toddler TNF Black 4T
0196013412388,76,109,1,1155297,The North Face Freedom Insulated Waterproof Snow Bib - Toddler TNF Black 6T
,84,120,1,525313,Columbia Bugaboo II Fleece Interchange Jacket - Boys' ST\u002FOR\u002FTW XL
193855579668,36,120,2,871369,Columbia Bugaboo II Fleece Interchange Jacket - Boys' Black \u002F City Grey XS
193855579637,36,120,0,871372,Columbia Bugaboo II Fleece Interchange Jacket - Boys' Black \u002F City Grey L
0194895573647,36,120,4,1035505,Columbia Bugaboo II Fleece Interchange Jacket - Boys' Compass Blue XXS
0194895573654,36,120,1,1035506,Columbia Bugaboo II Fleece Interchange Jacket - Boys' Compass Blue XS
0193855579606,36,120,0,1130691,Columbia Bugaboo II Fleece Interchange Jacket - Boys' Bright Indigo \u002F Collegiate Navy M
0193855581630,36,120,0,1130695,Columbia Bugaboo II Fleece Interchange Jacket - Boys' Bright Indigo Chevron Print \u002F Bright Indigo XS
0193855581647,36,120,1,1130698,Columbia Bugaboo II Fleece Interchange Jacket - Boys' Bright Indigo Chevron Print \u002F Bright Indigo M
0193855581616,36,120,1,1130710,Columbia Bugaboo II Fleece Interchange Jacket - Boys' Mtn Red Chevron Print \u002F Red Jasper M
0194895573470,36,120,1,1130715,Columbia Bugaboo II Fleece Interchange Jacket - Boys' Warm Copper \u002F Black M
0194895573487,36,120,4,1130716,Columbia Bugaboo II Fleece Interchange Jacket - Boys' Warm Copper \u002F Black XS
0194895573548,36,120,3,1246685,Columbia Bugaboo II Fleece Interchange Jacket - Boys' Black Biconic \u002F Warm XXS
0194895573517,36,120,3,1246686,Columbia Bugaboo II Fleece Interchange Jacket - Boys' Black Biconic \u002F Warm XS
0194895573524,36,120,3,1246687,Columbia Bugaboo II Fleece Interchange Jacket - Boys' Black Biconic \u002F Warm S
0194895573531,36,120,3,1331900,Columbia Bugaboo II Fleece Interchange Jacket - Boys' Black Biconic \u002F Warm M
0194895573500,36,120,3,1331901,Columbia Bugaboo II Fleece Interchange Jacket - Boys' Black Biconic \u002F Warm L
0194895573555,36,120,2,1331902,Columbia Bugaboo II Fleece Interchange Jacket - Boys' Black Biconic \u002F Warm XL
0196013435516,97,139,1,1083056,The North Face Reversible Mossbud Parka - Girls' Wild Ginger M
0196013427306,104,149.99,1,1155056,The North Face Printed Reversible North Down Jacket - Girls' Fuschia Pink Dye S
0196013427603,104,149.99,1,1155058,The North Face Printed Reversible North Down Jacket - Girls' Fuschia Pink Dye XL
0196013427207,104,149.99,0,1155059,The North Face Printed Reversible North Down Jacket - Girls' Fuschia Pink Dye XS
0192636238534,97.3,139,1,1155489,Spyder Ambush Insulated Jacket - Toddler Novelty Grey 6
193855289185,33,110,1,694207,Columbia Katelyn Crest Jacket - Girls' Stone Green S
193855289192,33,110,2,694210,Columbia Katelyn Crest Jacket - Girls' Stone Green XL
0887921039940,33,110,2,1097593,Columbia Katelyn Crest Jacket - Girls' Black XS
0887921039957,33,110,0,1097594,Columbia Katelyn Crest Jacket - Girls' Black S
0192290983412,33,110,0,1127416,Columbia Katelyn Crest Jacket - Girls' Cypress M
0888458703380,13.5,45,0,1127484,Columbia Glennaker Rain Jacket - Boys' Hyper Blue S
0193553005087,33.75,45,1,1127490,Columbia Glennaker Rain Jacket - Boys' Shark \u002F Black XXS
0193553005049,33.75,45,1,1127491,Columbia Glennaker Rain Jacket - Boys' Shark \u002F Black M
0195978718139,35,50,2,1290836,Columbia Glennaker Rain Jacket - Boys' Bright Indigo XXS
0195978718122,35,50,0,1290837,Columbia Glennaker Rain Jacket - Boys' Bright Indigo XS
0195978718146,35,50,1,1290838,Columbia Glennaker Rain Jacket - Boys' Bright Indigo S
0195978718177,35,50,1,1290839,Columbia Glennaker Rain Jacket - Boys' Bright Indigo M
888458703540,12,40,0,427634,Columbia Glennaker Rain Jacket - Toddler Hyper Blue 2T
0195978716371,31.5,45,4,823914,Columbia Glennaker Rain Jacket - Toddler Bright Indigo 3T
0195978716364,31.5,45,1,823915,Columbia Glennaker Rain Jacket - Toddler Bright Indigo 4T
0193855334144,27,90,1,1127290,Columbia Horizon Ride Insulated Snowboard Jacket - Girls' Black Floral 3T
0193855334243,27,90,1,1127292,Columbia Horizon Ride Insulated Snowboard Jacket - Girls' Black Sparklers Print 3T
0193855334236,27,90,4,1127294,Columbia Horizon Ride Insulated Snowboard Jacket - Girls' Black Sparklers Print 2T
0192660317601,19.5,65,1,1132542,Columbia Humphrey Hills Puffer Jacket - Boys' Black 2T
0194895432142,36,120,2,1246479,Columbia Arctic Blast Jacket - Girls' Marionberry \u002F Aura M
0194895432449,36,120,1,1246481,Columbia Arctic Blast Jacket - Girls' Dark Coral \u002F Shark \u002F White S
0194895432425,36,120,2,1246482,Columbia Arctic Blast Jacket - Girls' Dark Coral \u002F Shark \u002F White M
0194895432456,36,120,1,1246767,Columbia Arctic Blast Jacket - Girls' Black S
0194895432470,36,120,0,1246768,Columbia Arctic Blast Jacket - Girls' Black M
0194895432395,36,120,1,1247970,Columbia Arctic Blast Jacket - Girls' Dark Coral \u002F Shark \u002F White XL
0194895432128,36,120,2,1266386,Columbia Arctic Blast Jacket - Girls' Marionberry \u002F Aura L
0194895432210,36,120,1,1266456,Columbia Arctic Blast Jacket - Girls' Geyser \u002F Sea Ice L
0193855300583,39,130,1,1134130,Columbia Alpine Diva Jacket - Girls' Black \u002F White \u002F City Grey S
0193855300491,39,130,1,1134133,Columbia Alpine Diva Jacket - Girls' Fjord Blue \u002F Spruce XS
0193855300507,39,130,2,1134134,Columbia Alpine Diva Jacket - Girls' Fjord Blue \u002F Spruce S
0192290900174,31.5,105,1,1130637,Columbia Casual Slopes Jacket - Girls' Black Heather M
0192290900280,31.5,105,1,1130640,Columbia Casual Slopes Jacket - Girls' Pomegranite Heather L
0192290900310,31.5,105,0,1130641,Columbia Casual Slopes Jacket - Girls' Pomegranite Heather XL
0192290900167,31.5,105,3,1304852,Columbia Casual Slopes Jacket - Girls' Black L
0194895432562,33,110,4,1134186,Columbia Arctic Blast Jacket - Toddler Pink Ice 3T
0194895432555,33,110,4,1134187,Columbia Arctic Blast Jacket - Toddler Pink Ice 4T
0194895432548,33,110,3,1134188,Columbia Arctic Blast Jacket - Toddler Pink Ice 2T
0194004996053,33,110,1,1134191,Columbia Arctic Blast Jacket - Toddler Bright Geranium \u002F Pink Orchid 2T
0194004438263,33,110,1,1134194,Columbia Arctic Blast Jacket - Toddler Dolphin \u002F Sea Ice 3T
0193855280106,33,110,1,1134198,Columbia Arctic Blast Jacket - Toddler Plum \u002F Pale Lilac 2T
0193855280113,33,110,2,1134199,Columbia Arctic Blast Jacket - Toddler Plum \u002F Pale Lilac 3T
0194895432715,33,110,2,1246650,Columbia Arctic Blast Jacket - Toddler Black 3T
0194895432692,33,110,4,1246651,Columbia Arctic Blast Jacket - Toddler Black 4T
0194894393826,13.5,45,1,1127847,Columbia Zing III Printed Fleece Jacket - Boys' Ancient Fossil Trad Camo XS
0194894393789,13.5,45,1,1127848,Columbia Zing III Printed Fleece Jacket - Boys' Ancient Fossil Trad Camo S
0194894393819,31.5,45,1,1127849,Columbia Zing III Printed Fleece Jacket - Boys' Ancient Fossil Trad Camo L
0193855642782,15,50,1,1127854,Columbia Zing III Printed Fleece Jacket - Boys' Black Camo XS
0193855642867,15,50,1,1127859,Columbia Zing III Printed Fleece Jacket - Boys' Cypress Trad Camo Print L
0193855642843,15,50,1,1127860,Columbia Zing III Printed Fleece Jacket - Boys' Cypress Trad Camo Print XS
0193855642874,15,50,1,1127861,Columbia Zing III Printed Fleece Jacket - Boys' Cypress Trad Camo Print XXS
0194895722014,15,50,1,1127868,Columbia Zing III Printed Fleece Jacket - Boys' Metal Checkpoint XXS
0194895722007,15,50,1,1127869,Columbia Zing III Printed Fleece Jacket - Boys' Metal Checkpoint XS
0192660079813,27,90,1,1130651,Columbia Take A Hike Softshell Jacket - Boys' Canyon Gold \u002F Blue Heron L
0194895182870,31.5,105,3,1248587,Columbia Rugged Ridge Sherpa Lined Jacket - Boys' Spruce 2XS
0196013430634,37.99,89,1,1182277,The North Face Reversible Mossbud Jacket - Girls' Cameo Pink 5T
0196013430146,37.99,89,1,1182278,The North Face Reversible Mossbud Jacket - Girls' Cameo Pink 6T
0196249469439,37.99,89,2,1182280,The North Face Reversible Mossbud Jacket - Girls' Cameo Pink 7T
0196013430511,37.99,89,2,1182281,The North Face Reversible Mossbud Jacket - Girls' Cameo Pink 4T
0196249469453,37.99,89,2,1182284,The North Face Reversible Mossbud Jacket - Girls' Wasabi 7T
0193855284944,36,120,1,1134126,Columbia Winter Powder Quilted Jacket - Girls' Fjord Blue \u002F Canyon Blue XL
0194895622796,36,120,1,1139865,Columbia Powder Lite Novelty Hooded Jacket - Girls' Black XS
0194895622758,36,120,2,1139866,Columbia Powder Lite Novelty Hooded Jacket - Girls' Black M
0194895622772,36,120,1,1139868,Columbia Powder Lite Novelty Hooded Jacket - Girls' Black L
0194895622536,36,120,2,1139869,Columbia Powder Lite Novelty Hooded Jacket - Girls' Geyser L
0194895622529,36,120,3,1139870,Columbia Powder Lite Novelty Hooded Jacket - Girls' Geyser XS
0194895622567,36,120,2,1139871,Columbia Powder Lite Novelty Hooded Jacket - Girls' Geyser XXS
0194895622550,36,120,3,1139872,Columbia Powder Lite Novelty Hooded Jacket - Girls' Geyser S
0194895622543,36,120,3,1139873,Columbia Powder Lite Novelty Hooded Jacket - Girls' Geyser M
0194895622680,36,120,2,1139875,Columbia Powder Lite Novelty Hooded Jacket - Girls' Wild Fuschia XS
0194895622673,36,120,3,1139876,Columbia Powder Lite Novelty Hooded Jacket - Girls' Wild Fuschia S
0191455806290,23.99,50,1,1127052,Columbia Mini Pixel Grabber II Wind Jacket - Toddler Cyber Green Beach Stripe 3T
0194894565384,15,50,0,1140362,Columbia Mini Pixel Grabber II Wind Jacket - Toddler Ancient Fossil Camo Splash 3T
0194894565407,15,50,0,1140363,Columbia Mini Pixel Grabber II Wind Jacket - Toddler Ancient Fossil Camo Splash 2T
0194894565391,15,50,0,1140364,Columbia Mini Pixel Grabber II Wind Jacket - Toddler Ancient Fossil Camo Splash 4T
0196013444945,62.99,125,2,1182307,The North Face Printed Reversible Mount Chimbo Full-zip Hooded Jacket - Boys' New Taupe Green Camo XS
0196013445119,62.99,125,1,1182310,The North Face Printed Reversible Mount Chimbo Full-zip Hooded Jacket - Boys' New Taupe Green Camo L
0196013442163,132,188.99,1,1245731,The North Face Freedom Extreme Insulated Jacket - Boys' Cordovan Lay Of The Land L
0196013428280,118,169,1,1155300,The North Face Freedom Triclimate Jacket - Boys' Orange S
0196013428389,118,169,2,1155303,The North Face Freedom Triclimate Jacket - Boys' Orange M
0196013427917,118,168.99,1,1245749,The North Face Freedom Triclimate Jacket - Boys' Lapis Blue M
0196013428013,118,168.99,1,1245750,The North Face Freedom Triclimate Jacket - Boys' Lapis Blue L
0196013428112,118,168.99,0,1245751,The North Face Freedom Triclimate Jacket - Boys' Lapis Blue XL
0196013446567,118,170,1,1155282,The North Face Freedom Triclimate Jacket - Girls' Fuschia Pink L
0193391968070,27.99,55,1,1002491,The North Face Zipline Rain Jacket - Boys' Meld Grey \u002F Vanadis Grey XXS
0193391967646,27.99,55,1,1002497,The North Face Zipline Rain Jacket - Boys' Summit Gold XXS
0196013438425,111,159,3,1097653,The North Face Freedom Insulated Jacket - Girls' TNF Black L
0196246454582,111,159,1,1097661,The North Face Freedom Insulated Jacket - Boys' New Taupe Green Lay of the Land Print S
0196013492656,55,79,3,1082998,The North Face Reversible Perrito Hooded Jacket - Infant Atomizer Blue 3M
0196013492670,55,79,11,1082999,The North Face Reversible Perrito Hooded Jacket - Infant Atomizer Blue 6M
0196013492700,55,79,8,1083000,The North Face Reversible Perrito Hooded Jacket - Infant Atomizer Blue 12M
0196013492762,55,79,13,1083001,The North Face Reversible Perrito Hooded Jacket - Infant Atomizer Blue 18M
0196013492809,55,79,9,1083002,The North Face Reversible Perrito Hooded Jacket - Infant Atomizer Blue 24M
0196013491925,55,79,1,1083003,The North Face Reversible Perrito Hooded Jacket - Infant New Taupe Green 3M
0196013491307,55,79,2,1083005,The North Face Reversible Perrito Hooded Jacket - Infant New Taupe Green 12M
0196013492014,55,79,5,1083008,The North Face Reversible Perrito Hooded Jacket - Infant Lavender Fog 3M
0196013492243,55,79,2,1083009,The North Face Reversible Perrito Hooded Jacket - Infant Lavender Fog 6M
0196248629162,63,90,6,1311562,The North Face Antora Rain Jacket - Girls' Summit Navy Abstract Print XS
0196248629285,63,90,2,1311563,The North Face Antora Rain Jacket - Girls' Summit Navy Abstract Print S
0196248629377,63,90,5,1311564,The North Face Antora Rain Jacket - Girls' Summit Navy Abstract Print M
0196248629452,63,90,2,1311565,The North Face Antora Rain Jacket - Girls' Summit Navy Abstract Print L
0196248629537,63,90,3,1311566,The North Face Antora Rain Jacket - Girls' Summit Navy Abstract Print XL
0196248629469,90,90,1,1324966,The North Face Antora Rain Jacket - Girls' Scuba Blue L
0196248629384,90,90,1,1324967,The North Face Antora Rain Jacket - Girls' Scuba Blue M
0196248629308,90,90,2,1324968,The North Face Antora Rain Jacket - Girls' Scuba Blue S
0196248629544,90,90,0,1324969,The North Face Antora Rain Jacket - Girls' Scuba Blue XL
0196248629186,90,90,0,1324970,The North Face Antora Rain Jacket - Girls' Scuba Blue XS
0195978205707,35,50,4,1290873,Columbia Switchback II Jacket - Girls' G-Satin Pink XXS
0195978205691,35,50,2,1290874,Columbia Switchback II Jacket - Girls' G-Satin Pink XS
0195978205660,35,50,1,1290875,Columbia Switchback II Jacket - Girls' G-Satin Pink S
0195978205684,35,50,0,1290876,Columbia Switchback II Jacket - Girls' G-Satin Pink M
0192660103518,35,50,3,1290877,Columbia Switchback II Jacket - Girls' G-Pink Ice XXS
0192660103501,35,50,2,1290878,Columbia Switchback II Jacket - Girls' G-Pink Ice XS
0192660103488,35,50,1,1290879,Columbia Switchback II Jacket - Girls' G-Pink Ice S
0192660103471,35,50,0,1290880,Columbia Switchback II Jacket - Girls' G-Pink Ice M
0192660194509,28.5,95,1,1127287,Columbia Horizon Ride Jacket - Girls' Pomagranate Star Flies L
0193855499898,36,120,1,1130722,Columbia Bugaboo II Fleece Interchange Jacket - Girls' Black Chevron XL
0194895387091,36,120,2,1130724,Columbia Bugaboo II Fleece Interchange Jacket - Girls' Black Pepperflakes M
0194895387121,36,120,7,1130726,Columbia Bugaboo II Fleece Interchange Jacket - Girls' Black Pepperflakes XS
0194895387114,36,120,0,1130727,Columbia Bugaboo II Fleece Interchange Jacket - Girls' Black Pepperflakes S
0193855500037,36,120,0,1130729,Columbia Bugaboo II Fleece Interchange Jacket - Girls' Malbec Leafscape Print M
0193855499997,36,120,2,1130730,Columbia Bugaboo II Fleece Interchange Jacket - Girls' Malbec Leafscape Print L
0193855500013,36,120,0,1130732,Columbia Bugaboo II Fleece Interchange Jacket - Girls' Malbec Leafscape Print S
0194895387060,84,120,1,1130741,Columbia Bugaboo II Fleece Interchange Jacket - Girls' Nocturnal Terrain XL
0194895387046,36,120,0,1130745,Columbia Bugaboo II Fleece Interchange Jacket - Girls' Nocturnal Terrain XXS
0194895386827,36,120,2,1130753,Columbia Bugaboo II Fleece Interchange Jacket - Girls' Serenity Pepperflakes M
0194895386803,36,120,1,1130754,Columbia Bugaboo II Fleece Interchange Jacket - Girls' Serenity Pepperflakes S
0194895387084,36,120,4,1246434,Columbia Bugaboo II Fleece Interchange Jacket - Girls' Black Pepperflakes 2XS
0194895386797,36,120,1,1246435,Columbia Bugaboo II Fleece Interchange Jacket - Girls' Serenity Pepperflakes L
192660052151,31.5,45,1,823930,Columbia Switchback II Rain Jacket - Toddler G-Pink Ice 2T
192660052168,31.5,45,1,823931,Columbia Switchback II Rain Jacket - Toddler G-Pink Ice 3T
0196013441890,97,139,4,1097698,The North Face Vortex Triclimate Jacket - Boys' TNF Red S
0196013441944,97,139,3,1097699,The North Face Vortex Triclimate Jacket - Boys' TNF Red M
0196248647821,80,80,1,1311582,The North Face Zipline Rain Jacket - Boys' TNF Black XS
0196248648033,80,80,5,1311584,The North Face Zipline Rain Jacket - Boys' TNF Black M
0196248648132,80,80,4,1311585,The North Face Zipline Rain Jacket - Boys' TNF Black L
0196248648231,80,80,3,1311586,The North Face Zipline Rain Jacket - Boys' TNF Black XL
0196248647838,80,80,2,1311666,The North Face Zipline Rain Jacket - Boys' Meld Grey XS
0196248647951,80,80,3,1311667,The North Face Zipline Rain Jacket - Boys' Meld Grey S
0196248648057,80,80,9,1311668,The North Face Zipline Rain Jacket - Boys' Meld Grey M
0196248648156,80,80,7,1311669,The North Face Zipline Rain Jacket - Boys' Meld Grey L
0196248633626,60,60,3,1324982,The North Face Glacier Full-zip Hooded Jacket - Youth TNF Medium Grey Heather L
0196248633527,60,60,1,1324983,The North Face Glacier Full-zip Hooded Jacket - Youth TNF Medium Grey Heather M
0196248633459,60,60,0,1324984,The North Face Glacier Full-zip Hooded Jacket - Youth TNF Medium Grey Heather S
0196248633787,60,60,0,1324985,The North Face Glacier Full-zip Hooded Jacket - Youth TNF Medium Grey Heather XL
0196248633404,60,60,0,1324986,The North Face Glacier Full-zip Hooded Jacket - Youth TNF Medium Grey Heather XS
0196248635071,60,60,3,1324987,The North Face Glacier Full-zip Hooded Jacket - Youth Purple Cactus Flower M
0196248634760,60,60,1,1324988,The North Face Glacier Full-zip Hooded Jacket - Youth Purple Cactus Flower S
0196248634661,60,60,0,1324989,The North Face Glacier Full-zip Hooded Jacket - Youth Purple Cactus Flower XS
0196248635156,60,60,3,1324990,The North Face Glacier Full-zip Hooded Jacket - Youth Super Sonic Blue L
0196248634753,60,60,1,1324991,The North Face Glacier Full-zip Hooded Jacket - Youth Super Sonic Blue S
0196010718117,80,80,2,1324814,The North Face Antora Rain Jacket - Toddler Super Sonic Blue Joy Floral Print 3T
0196010718216,80,80,3,1324815,The North Face Antora Rain Jacket - Toddler Super Sonic Blue Joy Floral Print 4
0196010718315,80,80,2,1324816,The North Face Antora Rain Jacket - Toddler Super Sonic Blue Joy Floral Print 5
0196010718414,80,80,1,1324817,The North Face Antora Rain Jacket - Toddler Super Sonic Blue Joy Floral Print 6
0196010718513,80,80,0,1324818,The North Face Antora Rain Jacket - Toddler Super Sonic Blue Joy Floral Print 7
0196010715833,80,80,1,1324819,The North Face Antora Rain Jacket - Toddler TNF Black Tossed Logo Grid Print 2T
0196010715994,80,80,1,1324820,The North Face Antora Rain Jacket - Toddler TNF Black Tossed Logo Grid Print 3T
0196010716151,80,80,1,1324821,The North Face Antora Rain Jacket - Toddler TNF Black Tossed Logo Grid Print 4
0196010716335,80,80,1,1324822,The North Face Antora Rain Jacket - Toddler TNF Black Tossed Logo Grid Print 5
0196010716496,80,80,1,1324823,The North Face Antora Rain Jacket - Toddler TNF Black Tossed Logo Grid Print 6
0196248652252,90,90,1,1324948,The North Face Antora Rain Jacket - Boys' TNF Black L
0196248652054,90,90,2,1324949,The North Face Antora Rain Jacket - Boys' TNF Black M
0196248651859,90,90,1,1324950,The North Face Antora Rain Jacket - Boys' TNF Black S
0196248652405,90,90,0,1324951,The North Face Antora Rain Jacket - Boys' TNF Black XL
0196248651651,90,90,2,1324952,The North Face Antora Rain Jacket - Boys' TNF Black XS
0196248652269,90,90,0,1324953,The North Face Antora Rain Jacket - Boys' Super Sonic Blue L
0196248651866,90,90,2,1324954,The North Face Antora Rain Jacket - Boys' Super Sonic Blue S
0196248652429,90,90,1,1324955,The North Face Antora Rain Jacket - Boys' Super Sonic Blue XL
0196248651668,90,90,3,1324956,The North Face Antora Rain Jacket - Boys' Super Sonic Blue XS
0194895432166,36,120,1,1134163,Columbia Arctic Blast Ski Jacket - Girls' Pink Ice XS
0194895432180,36,120,1,1134166,Columbia Arctic Blast Ski Jacket - Girls' Pink Ice L
0193855409316,36,120,0,1134170,Columbia Arctic Blast Ski Jacket - Girls' Fjord Blue L
0194004439093,36,120,1,1134172,Columbia Arctic Blast Ski Jacket - Girls' Malbec \u002F Mineral Pink XS
0194004439116,36,120,2,1134173,Columbia Arctic Blast Ski Jacket - Girls' Malbec \u002F Mineral Pink M
0194004439062,36,120,2,1134174,Columbia Arctic Blast Ski Jacket - Girls' Malbec \u002F Mineral Pink L
0194004439154,36,120,5,1134177,Columbia Arctic Blast Ski Jacket - Girls' Nocturnal \u002F Velvet Cove S
0194004439161,36,120,4,1134178,Columbia Arctic Blast Ski Jacket - Girls' Nocturnal \u002F Velvet Cove M
0196013441883,132,189,0,1155277,The North Face Freedom Extreme Insulated Jacket - Youth TNF Black Mountaintop Print XL
0194894346242,44.99,65,3,1127666,Columbia Rain-Zilla Jacket - Boys' Bright Indigo \u002F Collegiate Navy S
0194894346259,44.99,65,3,1127667,Columbia Rain-Zilla Jacket - Boys' Bright Indigo \u002F Collegiate Navy M
0194894346297,44.99,65,0,1127668,Columbia Rain-Zilla Jacket - Boys' Bright Indigo \u002F Collegiate Navy L
0194894346273,45.5,65,0,1290842,Columbia Rain-Zilla Jacket - Boys' Bright Indigo XXS
0196013411411,37.99,89,0,1182316,The North Face Reversible Mount Chimbo Full-Zip Hooded Jacket - Toddler Acoustic Blue 2T
0196013411695,37.99,89,1,1182317,The North Face Reversible Mount Chimbo Full-Zip Hooded Jacket - Toddler Acoustic Blue 3T
0196013411916,37.99,89,0,1182318,The North Face Reversible Mount Chimbo Full-Zip Hooded Jacket - Toddler Acoustic Blue 4T
0196013412135,37.99,89,1,1182319,The North Face Reversible Mount Chimbo Full-Zip Hooded Jacket - Toddler Acoustic Blue 5T
